{
  "avg_pnl": -0.05760869565217393,
  "markets": 92,
  "median_pnl": -0.175,
  "profit_factor": 0.8441634813290206,
  "total_early_sell_contracts": 122,
  "total_early_sell_lost_usd": 17.85,
  "total_early_sell_saved_usd": 23.61,
  "total_realized_pnl": -5.300000000000002,
  "win_rate": 0.41304347826086957
}